OrderID,Customer Name,Product Category,Sales Amount (PKR),Date
1000,USMAN CHAUDHRY,Clothing,9664.08,2023-01-01
1001,AYESHA MALIK,Groceries,27324.1,2023-01-02
1002,BILAL YOUSUF,Electronics,43710.82,2023-01-03
1003,USMAN CHAUDHRY,Electronics,36745.13,2023-01-04
1004,AHMED SIDDIQUI,Electronics,40424.78,2023-01-05
1005,SANA FAROOQI,Electronics,33109.78,2023-01-06
1006,BILAL YOUSUF,Home & Kitchen,34767.69,2023-01-07
1007,BILAL YOUSUF,Electronics,42535.18,2023-01-08
1008,USMAN CHAUDHRY,Home & Kitchen,12858.57,2023-01-09
1009,FATIMA KHAN,Home & Kitchen,24726.54,2023-01-10
1010,AHMED SIDDIQUI,Electronics,11449.87,2023-01-11
1011,USMAN CHAUDHRY,Electronics,49389.57,2023-01-12
1012,AHMED SIDDIQUI,Clothing,47230.94,2023-01-13
1013,AHMED SIDDIQUI,,2451.63,2023-01-14
1014,SANA FAROOQI,Electronics,35425.97,2023-01-15
1015,BILAL YOUSUF,Clothing,46299.79,2023-01-16
1016,AYESHA MALIK,Clothing,9438.48,2023-01-17
1017,SANA FAROOQI,Groceries,28613.29,2023-01-18
1018,SANA FAROOQI,Home & Kitchen,45816.67,2023-01-19
1019,AHMED SIDDIQUI,Electronics,2180.33,2023-01-20
1020,ZAINAB ARIF,Groceries,35022.3,2023-01-21
1021,BILAL YOUSUF,Electronics,15218.78,2023-01-22
1022,FATIMA KHAN,Clothing,46257.61,2023-01-23
1023,SANA FAROOQI,Clothing,48567.38,2023-01-24
1024,AYESHA MALIK,Home & Kitchen,47241.19,2023-01-25
1025,ZAINAB ARIF,Clothing,23973.6,2023-01-26
1026,ZAINAB ARIF,Clothing,43171.11,2023-01-27
1027,FATIMA KHAN,Groceries,42305.2,2023-01-28
1028,SANA FAROOQI,Electronics,16295.47,2023-01-29
1029,AYESHA MALIK,Electronics,41531.32,2023-01-30
1030,BILAL YOUSUF,,2331.88,2023-01-31
1031,ALI RAZA,Home & Kitchen,30015.36,2023-02-01
1032,AYESHA MALIK,Electronics,11885.44,2023-02-02
1033,FATIMA KHAN,,6468.06,2023-02-03
1034,ZAINAB ARIF,Electronics,4309.18,2023-02-04
1035,BILAL YOUSUF,Clothing,34966.29,2023-02-05
1036,AYESHA MALIK,Home & Kitchen,17323.81,2023-02-06
1037,ALI RAZA,Groceries,36375.96,2023-02-07
1038,ALI RAZA,Electronics,3735.14,2023-02-08
1039,AHMED SIDDIQUI,Groceries,16106.87,2023-02-09
1040,AHMED SIDDIQUI,Electronics,27204.82,2023-02-10
1041,USMAN CHAUDHRY,Clothing,39640.8,2023-02-11
1042,FATIMA KHAN,Groceries,16278.25,2023-02-12
1043,SANA FAROOQI,Electronics,31481.62,2023-02-13
1044,AYESHA MALIK,Clothing,44355.9,2023-02-14
1045,AYESHA MALIK,Groceries,30985.23,2023-02-15
1046,SANA FAROOQI,Groceries,12031.49,2023-02-16
1047,USMAN CHAUDHRY,Electronics,1707.84,2023-02-17
1048,ZAINAB ARIF,Electronics,43569.89,2023-02-18
1049,ZAINAB ARIF,Electronics,1552.84,2023-02-19
1050,USMAN CHAUDHRY,,43797.73,2023-02-20
1051,ZAINAB ARIF,Electronics,26682.39,2023-02-21
1052,AHMED SIDDIQUI,Groceries,46983.85,2023-02-22
1053,AYESHA MALIK,Groceries,40039.77,2023-02-23
1054,USMAN CHAUDHRY,Electronics,49897.74,2023-02-24
1055,AYESHA MALIK,Electronics,17860.23,2023-02-25
1056,SANA FAROOQI,Home & Kitchen,38475.82,2023-02-26
1057,ALI RAZA,Groceries,20395.58,2023-02-27
1058,AHMED SIDDIQUI,Clothing,24253.84,2023-02-28
1059,BILAL YOUSUF,Home & Kitchen,31561.52,2023-03-01
1060,AHMED SIDDIQUI,Electronics,43747.02,2023-03-02
1061,USMAN CHAUDHRY,Electronics,49212.13,2023-03-03
1062,BILAL YOUSUF,Groceries,38529.53,2023-03-04
1063,ALI RAZA,Electronics,21179.46,2023-03-05
1064,USMAN CHAUDHRY,Clothing,21357.17,2023-03-06
1065,FATIMA KHAN,Groceries,37010.32,2023-03-07
1066,AYESHA MALIK,Electronics,12319.47,2023-03-08
1067,ALI RAZA,Groceries,5968.47,2023-03-09
1068,AYESHA MALIK,Electronics,18053.8,2023-03-10
1069,ZAINAB ARIF,Electronics,14718.33,2023-03-11
1070,FATIMA KHAN,Electronics,15167.25,2023-03-12
1071,FATIMA KHAN,Clothing,12063.58,2023-03-13
1072,ALI RAZA,Clothing,2583.61,2023-03-14
1073,FATIMA KHAN,Groceries,1384.76,2023-03-15
1074,BILAL YOUSUF,Electronics,49392.26,2023-03-16
1075,FATIMA KHAN,Electronics,21674.77,2023-03-17
1076,AYESHA MALIK,Clothing,19524.17,2023-03-18
1077,AYESHA MALIK,Electronics,34142.54,2023-03-19
1078,USMAN CHAUDHRY,Clothing,11303.57,2023-03-20
1079,AYESHA MALIK,Electronics,47523.08,2023-03-21
1080,USMAN CHAUDHRY,Groceries,39424.08,2023-03-22
1081,AYESHA MALIK,Electronics,4925.84,2023-03-23
1082,BILAL YOUSUF,Electronics,21170.25,2023-03-24
1083,SANA FAROOQI,Home & Kitchen,44016.36,2023-03-25
1084,USMAN CHAUDHRY,Clothing,47264.24,2023-03-26
1085,AHMED SIDDIQUI,Electronics,23636.37,2023-03-27
1086,ZAINAB ARIF,Electronics,30863.86,2023-03-28
1087,ALI RAZA,Home & Kitchen,8768.18,2023-03-29
1088,AYESHA MALIK,Home & Kitchen,49562.85,2023-03-30
1089,FATIMA KHAN,Clothing,11967.75,2023-03-31
1090,SANA FAROOQI,Home & Kitchen,47165.22,2023-04-01
1091,AYESHA MALIK,Groceries,32657.51,2023-04-02
1092,FATIMA KHAN,Home & Kitchen,30582.97,2023-04-03
1093,ZAINAB ARIF,Groceries,25878.08,2023-04-04
1094,ZAINAB ARIF,Clothing,11918.16,2023-04-05
1095,ZAINAB ARIF,Clothing,9238.14,2023-04-06
1096,FATIMA KHAN,Clothing,11414.07,2023-04-07
1097,AYESHA MALIK,Clothing,9728.69,2023-04-08
1098,ZAINAB ARIF,Clothing,39089.43,2023-04-09
1099,BILAL YOUSUF,Groceries,17831.2,2023-04-10
1100,USMAN CHAUDHRY,Groceries,3363.21,2023-04-11
1101,FATIMA KHAN,Clothing,48470.58,2023-04-12
1102,FATIMA KHAN,Home & Kitchen,44247.4,2023-04-13
1103,AYESHA MALIK,Electronics,46423.74,2023-04-14
1104,FATIMA KHAN,Clothing,49747.94,2023-04-15
1105,FATIMA KHAN,Home & Kitchen,9107.81,2023-04-16
1106,ZAINAB ARIF,Electronics,20113.98,2023-04-17
1107,AYESHA MALIK,Clothing,38032.8,2023-04-18
1108,ZAINAB ARIF,Clothing,34953.02,2023-04-19
1109,USMAN CHAUDHRY,Groceries,8117.85,2023-04-20
1110,SANA FAROOQI,Electronics,40883.74,2023-04-21
1111,USMAN CHAUDHRY,Electronics,11609.81,2023-04-22
1112,SANA FAROOQI,Home & Kitchen,11578.97,2023-04-23
1113,ZAINAB ARIF,Groceries,27080.23,2023-04-24
1114,USMAN CHAUDHRY,Groceries,29850.53,2023-04-25
1115,AYESHA MALIK,Groceries,29214.27,2023-04-26
1116,ALI RAZA,Groceries,5028.6,2023-04-27
1117,ZAINAB ARIF,Electronics,43934.31,2023-04-28
1118,SANA FAROOQI,,13647.2,2023-04-29
1119,BILAL YOUSUF,Clothing,6910.99,2023-04-30
1120,SANA FAROOQI,Clothing,44493.03,2023-05-01
1121,BILAL YOUSUF,Groceries,47804.75,2023-05-02
1122,FATIMA KHAN,Groceries,43175.32,2023-05-03
1123,USMAN CHAUDHRY,Groceries,40571.05,2023-05-04
1124,BILAL YOUSUF,Clothing,32934.48,2023-05-05
1125,SANA FAROOQI,Home & Kitchen,27767.44,2023-05-06
1126,FATIMA KHAN,Home & Kitchen,4805.84,2023-05-07
1127,ALI RAZA,Clothing,20718.43,2023-05-08
1128,AYESHA MALIK,Clothing,18948.08,2023-05-09
1129,AYESHA MALIK,Clothing,13357.81,2023-05-10
1130,AYESHA MALIK,Clothing,36309.3,2023-05-11
1131,BILAL YOUSUF,Clothing,25045.85,2023-05-12
1132,ALI RAZA,Clothing,4511.79,2023-05-13
1133,BILAL YOUSUF,Groceries,11399.07,2023-05-14
1134,USMAN CHAUDHRY,Groceries,34321.31,2023-05-15
1135,BILAL YOUSUF,Groceries,4268.48,2023-05-16
1136,ALI RAZA,Groceries,42634.74,2023-05-17
1137,ALI RAZA,Clothing,25009.75,2023-05-18
1138,USMAN CHAUDHRY,Home & Kitchen,24289.04,2023-05-19
1139,ALI RAZA,Electronics,29824.19,2023-05-20
1140,SANA FAROOQI,Clothing,41321.71,2023-05-21
1141,ALI RAZA,Electronics,17716.56,2023-05-22
1142,AYESHA MALIK,Home & Kitchen,34061.8,2023-05-23
1143,SANA FAROOQI,Groceries,28503.73,2023-05-24
1144,SANA FAROOQI,Home & Kitchen,13717.9,2023-05-25
1145,USMAN CHAUDHRY,Clothing,43992.18,2023-05-26
1146,AHMED SIDDIQUI,Groceries,39972.59,2023-05-27
1147,AHMED SIDDIQUI,Clothing,33093.37,2023-05-28
1148,ALI RAZA,Groceries,42603.8,2023-05-29
1149,SANA FAROOQI,Electronics,43431.06,2023-05-30
1150,AHMED SIDDIQUI,Electronics,35563.97,2023-05-31
1151,AHMED SIDDIQUI,Electronics,41932.16,2023-06-01
1152,ALI RAZA,Home & Kitchen,35024.84,2023-06-02
1153,AHMED SIDDIQUI,Clothing,34166.97,2023-06-03
1154,BILAL YOUSUF,Home & Kitchen,31121.26,2023-06-04
1155,FATIMA KHAN,Electronics,37759.47,2023-06-05
1156,USMAN CHAUDHRY,Clothing,8350.95,2023-06-06
1157,FATIMA KHAN,Electronics,44103.1,2023-06-07
1158,ALI RAZA,Home & Kitchen,43656.25,2023-06-08
1159,AYESHA MALIK,Home & Kitchen,1947.74,2023-06-09
1160,USMAN CHAUDHRY,Home & Kitchen,41377.93,2023-06-10
1161,ALI RAZA,Electronics,6879.06,2023-06-11
1162,SANA FAROOQI,Clothing,17088.38,2023-06-12
1163,AYESHA MALIK,Clothing,37303.66,2023-06-13
1164,FATIMA KHAN,Electronics,8457.61,2023-06-14
1165,ALI RAZA,Clothing,40989.37,2023-06-15
1166,SANA FAROOQI,Electronics,41690.64,2023-06-16
1167,USMAN CHAUDHRY,Clothing,25619.65,2023-06-17
1168,USMAN CHAUDHRY,Groceries,816.1,2023-06-18
1169,ZAINAB ARIF,Groceries,14708.39,2023-06-19
1170,SANA FAROOQI,Home & Kitchen,31037.88,2023-06-20
1171,BILAL YOUSUF,Groceries,49068.72,2023-06-21
1172,AHMED SIDDIQUI,Groceries,31774.77,2023-06-22
1173,AYESHA MALIK,Groceries,13360.28,2023-06-23
1174,SANA FAROOQI,Electronics,31883.28,2023-06-24
1175,ZAINAB ARIF,Groceries,27229.28,2023-06-25
1176,AHMED SIDDIQUI,Groceries,39102.35,2023-06-26
1177,AHMED SIDDIQUI,Home & Kitchen,5795.54,2023-06-27
1178,ALI RAZA,Groceries,38170.88,2023-06-28
1179,AHMED SIDDIQUI,Groceries,27292.7,2023-06-29
1180,BILAL YOUSUF,Clothing,48168.1,2023-06-30
1181,USMAN CHAUDHRY,Home & Kitchen,17422.67,2023-07-01
1182,ZAINAB ARIF,Home & Kitchen,31814.78,2023-07-02
1183,AHMED SIDDIQUI,Home & Kitchen,46635.39,2023-07-03
1184,ALI RAZA,Home & Kitchen,5574.23,2023-07-04
1185,BILAL YOUSUF,Home & Kitchen,46892.81,2023-07-05
1186,FATIMA KHAN,Home & Kitchen,34550.34,2023-07-06
1187,USMAN CHAUDHRY,Electronics,3857.93,2023-07-07
1188,USMAN CHAUDHRY,Groceries,15397.7,2023-07-08
1189,ZAINAB ARIF,Home & Kitchen,35554.52,2023-07-09
1190,USMAN CHAUDHRY,Groceries,3833.85,2023-07-10
1191,AHMED SIDDIQUI,Groceries,29317.44,2023-07-11
1192,ALI RAZA,Electronics,17621.21,2023-07-12
1193,USMAN CHAUDHRY,Home & Kitchen,31235.32,2023-07-13
1194,USMAN CHAUDHRY,Clothing,2764.23,2023-07-14
1195,FATIMA KHAN,Electronics,43641.07,2023-07-15
1196,FATIMA KHAN,Clothing,48687.7,2023-07-16
1197,AYESHA MALIK,Groceries,48459.45,2023-07-17
1198,BILAL YOUSUF,Groceries,37607.77,2023-07-18
1199,AHMED SIDDIQUI,Electronics,6939.27,2023-07-19
1200,USMAN CHAUDHRY,Electronics,38034.03,2023-07-20
1201,SANA FAROOQI,Clothing,1717.05,2023-07-21
1202,USMAN CHAUDHRY,Home & Kitchen,1595.12,2023-07-22
1203,ALI RAZA,Clothing,16518.71,2023-07-23
1204,AYESHA MALIK,Electronics,24687.84,2023-07-24
1205,BILAL YOUSUF,Clothing,38635.17,2023-07-25
1206,SANA FAROOQI,Electronics,34323.12,2023-07-26
1207,AYESHA MALIK,Clothing,22572.18,2023-07-27
1208,ZAINAB ARIF,Electronics,14044.52,2023-07-28
1209,BILAL YOUSUF,Electronics,49857.66,2023-07-29
1210,USMAN CHAUDHRY,Electronics,21595.97,2023-07-30
1211,USMAN CHAUDHRY,Home & Kitchen,22843.66,2023-07-31
1212,BILAL YOUSUF,Clothing,8599.38,2023-08-01
1213,USMAN CHAUDHRY,Clothing,39843.07,2023-08-02
1214,AHMED SIDDIQUI,Clothing,34837.27,2023-08-03
1215,BILAL YOUSUF,Electronics,11428.1,2023-08-04
1216,AYESHA MALIK,Clothing,4577.86,2023-08-05
1217,BILAL YOUSUF,Clothing,34184.72,2023-08-06
1218,SANA FAROOQI,Electronics,32898.31,2023-08-07
1219,USMAN CHAUDHRY,Groceries,14026.35,2023-08-08
1220,AHMED SIDDIQUI,Electronics,47567.75,2023-08-09
1221,AHMED SIDDIQUI,Clothing,7977.37,2023-08-10
1222,ZAINAB ARIF,Electronics,21900.57,2023-08-11
1223,AYESHA MALIK,Groceries,47208.99,2023-08-12
1224,FATIMA KHAN,Electronics,21276.5,2023-08-13
1225,FATIMA KHAN,Clothing,32107.03,2023-08-14
1226,BILAL YOUSUF,Groceries,20180.92,2023-08-15
1227,ZAINAB ARIF,Home & Kitchen,14073.65,2023-08-16
1228,ALI RAZA,Clothing,49206.89,2023-08-17
1229,BILAL YOUSUF,Groceries,20762.03,2023-08-18
1230,ZAINAB ARIF,Groceries,44757.91,2023-08-19
1231,AYESHA MALIK,,11882.75,2023-08-20
1232,AYESHA MALIK,Electronics,11048.68,2023-08-21
1233,AYESHA MALIK,Electronics,2041.14,2023-08-22
1234,AYESHA MALIK,Clothing,32757.51,2023-08-23
1235,AYESHA MALIK,Home & Kitchen,18742.05,2023-08-24
1236,ZAINAB ARIF,Electronics,43285.73,2023-08-25
1237,ZAINAB ARIF,Home & Kitchen,23923.89,2023-08-26
1238,AHMED SIDDIQUI,Electronics,48425.57,2023-08-27
1239,SANA FAROOQI,Groceries,9683.51,2023-08-28
1240,FATIMA KHAN,Electronics,43496.85,2023-08-29
1241,USMAN CHAUDHRY,Home & Kitchen,38941.54,2023-08-30
1242,AYESHA MALIK,Groceries,38660.63,2023-08-31
1243,ALI RAZA,Groceries,42316.77,2023-09-01
1244,USMAN CHAUDHRY,Groceries,38170.69,2023-09-02
1245,ZAINAB ARIF,Home & Kitchen,31497.91,2023-09-03
1246,ALI RAZA,Clothing,6996.62,2023-09-04
1247,ALI RAZA,Clothing,2110.05,2023-09-05
1248,ALI RAZA,Clothing,46081.97,2023-09-06
1249,AHMED SIDDIQUI,Home & Kitchen,31024.19,2023-09-07
1250,ZAINAB ARIF,Groceries,39928.6,2023-09-08
1251,ALI RAZA,Clothing,24335.36,2023-09-09
1252,AYESHA MALIK,Home & Kitchen,6306.76,2023-09-10
1253,BILAL YOUSUF,Clothing,6696.7,2023-09-11
1254,ALI RAZA,Electronics,34435.48,2023-09-12
1255,AHMED SIDDIQUI,Clothing,21800.14,2023-09-13
1256,USMAN CHAUDHRY,,10425.97,2023-09-14
1257,ZAINAB ARIF,Groceries,24833.93,2023-09-15
1258,SANA FAROOQI,Home & Kitchen,3678.34,2023-09-16
1259,AHMED SIDDIQUI,Groceries,29307.58,2023-09-17
1260,ALI RAZA,Groceries,13815.17,2023-09-18
1261,ZAINAB ARIF,Groceries,39979.18,2023-09-19
1262,BILAL YOUSUF,Groceries,15862.92,2023-09-20
1263,ALI RAZA,Groceries,23033.4,2023-09-21
1264,AHMED SIDDIQUI,Clothing,1075.22,2023-09-22
1265,FATIMA KHAN,Groceries,4086.12,2023-09-23
1266,AYESHA MALIK,Groceries,19928.43,2023-09-24
1267,SANA FAROOQI,Home & Kitchen,24256.97,2023-09-25
1268,USMAN CHAUDHRY,Electronics,30201.02,2023-09-26
1269,AHMED SIDDIQUI,Clothing,14937.3,2023-09-27
1270,ZAINAB ARIF,Clothing,34901.6,2023-09-28
1271,SANA FAROOQI,Clothing,43076.06,2023-09-29
1272,SANA FAROOQI,Groceries,39102.62,2023-09-30
1273,SANA FAROOQI,Groceries,2461.13,2023-10-01
1274,ALI RAZA,Groceries,24285.09,2023-10-02
1275,AYESHA MALIK,,5694.04,2023-10-03
1276,ALI RAZA,Electronics,12481.23,2023-10-04
1277,ZAINAB ARIF,Groceries,49339.8,2023-10-05
1278,ALI RAZA,Electronics,7553.53,2023-10-06
1279,FATIMA KHAN,Home & Kitchen,25194.96,2023-10-07
1280,AYESHA MALIK,Clothing,31098.71,2023-10-08
1281,AYESHA MALIK,Groceries,35272.02,2023-10-09
1282,ZAINAB ARIF,Electronics,28202.61,2023-10-10
1283,USMAN CHAUDHRY,Electronics,983.66,2023-10-11
1284,FATIMA KHAN,Groceries,16659.83,2023-10-12
1285,AHMED SIDDIQUI,,26126.73,2023-10-13
1286,ALI RAZA,Clothing,4849.39,2023-10-14
1287,BILAL YOUSUF,Clothing,17856.03,2023-10-15
1288,ALI RAZA,Home & Kitchen,2143.55,2023-10-16
1289,SANA FAROOQI,Electronics,4389.64,2023-10-17
1290,ALI RAZA,Electronics,20147.7,2023-10-18
1291,AHMED SIDDIQUI,Electronics,7069.43,2023-10-19
1292,ALI RAZA,Home & Kitchen,28593.27,2023-10-20
1293,FATIMA KHAN,Electronics,34628.52,2023-10-21
1294,FATIMA KHAN,Home & Kitchen,40129.04,2023-10-22
1295,AYESHA MALIK,Clothing,10407.44,2023-10-23
1296,ZAINAB ARIF,Groceries,8790.39,2023-10-24
1297,USMAN CHAUDHRY,Electronics,5676.11,2023-10-25
1298,BILAL YOUSUF,Electronics,32003.3,2023-10-26
1299,SANA FAROOQI,Clothing,35470.55,2023-10-27
1300,ALI RAZA,Groceries,2063.51,2023-10-28
1301,ALI RAZA,Home & Kitchen,46842.51,2023-10-29
1302,AHMED SIDDIQUI,Groceries,3072.58,2023-10-30
1303,ZAINAB ARIF,Clothing,27294.17,2023-10-31
1304,FATIMA KHAN,Clothing,35598.5,2023-11-01
1305,BILAL YOUSUF,Groceries,43612.97,2023-11-02
1306,AYESHA MALIK,Home & Kitchen,35847.3,2023-11-03
1307,FATIMA KHAN,Home & Kitchen,40185.54,2023-11-04
1308,SANA FAROOQI,Electronics,17302.78,2023-11-05
1309,ZAINAB ARIF,Home & Kitchen,40833.84,2023-11-06
1310,SANA FAROOQI,Groceries,4465.68,2023-11-07
1311,USMAN CHAUDHRY,Clothing,44793.42,2023-11-08
1312,AYESHA MALIK,Electronics,27605.82,2023-11-09
1313,USMAN CHAUDHRY,Electronics,40956.24,2023-11-10
1314,AHMED SIDDIQUI,Clothing,22889.76,2023-11-11
1315,SANA FAROOQI,Home & Kitchen,32357.1,2023-11-12
1316,AHMED SIDDIQUI,Clothing,26556.93,2023-11-13
1317,ALI RAZA,Home & Kitchen,36713.68,2023-11-14
1318,USMAN CHAUDHRY,Clothing,4540.68,2023-11-15
1319,ZAINAB ARIF,Groceries,3487.43,2023-11-16
1320,SANA FAROOQI,Home & Kitchen,12731.61,2023-11-17
1321,BILAL YOUSUF,Groceries,8397.46,2023-11-18
1322,AYESHA MALIK,Electronics,43653.29,2023-11-19
1323,FATIMA KHAN,Clothing,11351.09,2023-11-20
1324,ZAINAB ARIF,Electronics,48805.33,2023-11-21
1325,ZAINAB ARIF,Electronics,17176.34,2023-11-22
1326,AHMED SIDDIQUI,Electronics,9514.84,2023-11-23
1327,USMAN CHAUDHRY,Electronics,39590.08,2023-11-24
1328,SANA FAROOQI,Clothing,33106.03,2023-11-25
1329,SANA FAROOQI,Electronics,25160.69,2023-11-26
1330,ALI RAZA,Clothing,27990.5,2023-11-27
1331,ALI RAZA,Clothing,36100.49,2023-11-28
1332,AYESHA MALIK,Groceries,11808.51,2023-11-29
1333,AHMED SIDDIQUI,Home & Kitchen,49818.53,2023-11-30
1334,ZAINAB ARIF,Home & Kitchen,48752.26,2023-12-01
1335,SANA FAROOQI,Clothing,32691.12,2023-12-02
1336,BILAL YOUSUF,Groceries,10377.35,2023-12-03
1337,AHMED SIDDIQUI,Clothing,34171.3,2023-12-04
1338,AYESHA MALIK,Clothing,4073.82,2023-12-05
1339,AYESHA MALIK,Clothing,2017.3,2023-12-06
1340,AHMED SIDDIQUI,Groceries,13255.3,2023-12-07
1341,AYESHA MALIK,Home & Kitchen,23399.84,2023-12-08
1342,AHMED SIDDIQUI,Groceries,43479.49,2023-12-09
1343,FATIMA KHAN,Electronics,36494.87,2023-12-10
1344,AHMED SIDDIQUI,Groceries,37263.97,2023-12-11
1345,USMAN CHAUDHRY,Groceries,21561.92,2023-12-12
1346,AHMED SIDDIQUI,Groceries,17623.78,2023-12-13
1347,AYESHA MALIK,Groceries,18866.42,2023-12-14
1348,SANA FAROOQI,Home & Kitchen,49388.65,2023-12-15
1349,USMAN CHAUDHRY,Electronics,2485.4,2023-12-16
1350,AYESHA MALIK,Home & Kitchen,43418.06,2023-12-17
1351,ALI RAZA,Home & Kitchen,29144.43,2023-12-18
1352,ALI RAZA,Groceries,22211.46,2023-12-19
1353,SANA FAROOQI,Clothing,36400.25,2023-12-20
1354,SANA FAROOQI,Clothing,24590.11,2023-12-21
1355,USMAN CHAUDHRY,Home & Kitchen,43734.45,2023-12-22
1356,FATIMA KHAN,Home & Kitchen,45084.74,2023-12-23
1357,SANA FAROOQI,Groceries,21375.19,2023-12-24
1358,ALI RAZA,Home & Kitchen,14202.98,2023-12-25
1359,AHMED SIDDIQUI,Groceries,29821.34,2023-12-26
1360,AYESHA MALIK,Clothing,45661.99,2023-12-27
1361,ALI RAZA,Clothing,10927.78,2023-12-28
1362,ALI RAZA,Electronics,31336.85,2023-12-29
1363,FATIMA KHAN,Clothing,31762.23,2023-12-30
1364,USMAN CHAUDHRY,Home & Kitchen,36789.09,2023-12-31
1365,USMAN CHAUDHRY,Clothing,7012.6,2024-01-01
1366,ZAINAB ARIF,Groceries,35933.34,2024-01-02
1367,FATIMA KHAN,Clothing,45497.11,2024-01-03
1368,AHMED SIDDIQUI,Electronics,9394.31,2024-01-04
1369,USMAN CHAUDHRY,Clothing,12258.39,2024-01-05
1370,AYESHA MALIK,Groceries,48584.06,2024-01-06
1371,SANA FAROOQI,Groceries,9458.36,2024-01-07
1372,FATIMA KHAN,Home & Kitchen,42792.06,2024-01-08
1373,SANA FAROOQI,Clothing,24867.75,2024-01-09
1374,ALI RAZA,Groceries,12737.94,2024-01-10
1375,AYESHA MALIK,Electronics,43602.12,2024-01-11
1376,AYESHA MALIK,Home & Kitchen,22542.61,2024-01-12
1377,ALI RAZA,Electronics,25983.46,2024-01-13
1378,FATIMA KHAN,Clothing,18282.05,2024-01-14
1379,ALI RAZA,Clothing,29851.07,2024-01-15
1380,SANA FAROOQI,Clothing,8594.43,2024-01-16
1381,ZAINAB ARIF,Home & Kitchen,19858.54,2024-01-17
1382,AYESHA MALIK,,48485.91,2024-01-18
1383,BILAL YOUSUF,Home & Kitchen,13277.6,2024-01-19
1384,BILAL YOUSUF,Electronics,33008.46,2024-01-20
1385,SANA FAROOQI,Home & Kitchen,16596.91,2024-01-21
1386,AHMED SIDDIQUI,Electronics,38786.92,2024-01-22
1387,USMAN CHAUDHRY,Home & Kitchen,6978.25,2024-01-23
1388,ALI RAZA,Groceries,48506.14,2024-01-24
1389,ALI RAZA,Electronics,22962.58,2024-01-25
1390,AHMED SIDDIQUI,Clothing,12184.5,2024-01-26
1391,AHMED SIDDIQUI,Clothing,4138.09,2024-01-27
1392,SANA FAROOQI,Home & Kitchen,8903.02,2024-01-28
1393,SANA FAROOQI,Clothing,26228.81,2024-01-29
1394,AHMED SIDDIQUI,Electronics,17181.66,2024-01-30
1395,AYESHA MALIK,Clothing,41529.73,2024-01-31
1396,SANA FAROOQI,Groceries,21828.93,2024-02-01
1397,ZAINAB ARIF,Groceries,12811.36,2024-02-02
1398,SANA FAROOQI,Home & Kitchen,31048.68,2024-02-03
1399,ALI RAZA,Electronics,35485.47,2024-02-04
1400,SANA FAROOQI,Groceries,8768.57,2024-02-05
1401,AYESHA MALIK,Groceries,8797.15,2024-02-06
1402,AHMED SIDDIQUI,Electronics,2315.24,2024-02-07
1403,ALI RAZA,Clothing,36951.9,2024-02-08
1404,SANA FAROOQI,Clothing,33358.32,2024-02-09
1405,AYESHA MALIK,Home & Kitchen,23994.23,2024-02-10
1406,ZAINAB ARIF,Clothing,42286.44,2024-02-11
1407,SANA FAROOQI,Electronics,40380.67,2024-02-12
1408,AYESHA MALIK,Groceries,29475.04,2024-02-13
1409,ZAINAB ARIF,Clothing,43479.43,2024-02-14
1410,AHMED SIDDIQUI,Home & Kitchen,10689.14,2024-02-15
1411,SANA FAROOQI,Clothing,6040.02,2024-02-16
1412,ZAINAB ARIF,Electronics,13852.61,2024-02-17
1413,ALI RAZA,Home & Kitchen,3325.8,2024-02-18
1414,AHMED SIDDIQUI,Clothing,26792.89,2024-02-19
1415,ALI RAZA,Home & Kitchen,46861.98,2024-02-20
1416,BILAL YOUSUF,Electronics,2447.51,2024-02-21
1417,FATIMA KHAN,Groceries,6544.44,2024-02-22
1418,SANA FAROOQI,Electronics,22883.85,2024-02-23
1419,ZAINAB ARIF,Electronics,46726.81,2024-02-24
1420,FATIMA KHAN,Electronics,16149.73,2024-02-25
1421,FATIMA KHAN,Electronics,25608.12,2024-02-26
1422,ZAINAB ARIF,Groceries,2557.86,2024-02-27
1423,AHMED SIDDIQUI,Groceries,7842.99,2024-02-28
1424,SANA FAROOQI,Home & Kitchen,49338.19,2024-02-29
1425,BILAL YOUSUF,Clothing,48273.38,2024-03-01
1426,ALI RAZA,Groceries,744.53,2024-03-02
1427,AYESHA MALIK,Groceries,47614.68,2024-03-03
1428,ALI RAZA,Clothing,32136.44,2024-03-04
1429,AYESHA MALIK,Groceries,43461.96,2024-03-05
1430,ALI RAZA,Electronics,23009.62,2024-03-06
1431,ZAINAB ARIF,Electronics,26022.0,2024-03-07
1432,BILAL YOUSUF,Clothing,24697.91,2024-03-08
1433,SANA FAROOQI,Home & Kitchen,33509.78,2024-03-09
1434,AYESHA MALIK,Home & Kitchen,7412.74,2024-03-10
1435,SANA FAROOQI,Clothing,1983.69,2024-03-11
1436,SANA FAROOQI,Clothing,15742.53,2024-03-12
1437,SANA FAROOQI,Electronics,35381.7,2024-03-13
1438,USMAN CHAUDHRY,Home & Kitchen,10491.75,2024-03-14
1439,AHMED SIDDIQUI,,33834.91,2024-03-15
1440,ALI RAZA,Electronics,48510.65,2024-03-16
1441,SANA FAROOQI,,5148.09,2024-03-17
1442,ALI RAZA,Home & Kitchen,33793.8,2024-03-18
1443,SANA FAROOQI,,22465.64,2024-03-19
1444,AYESHA MALIK,Groceries,43473.04,2024-03-20
1445,AHMED SIDDIQUI,Electronics,9268.91,2024-03-21
1446,AHMED SIDDIQUI,Home & Kitchen,34784.98,2024-03-22
1447,ZAINAB ARIF,,41986.71,2024-03-23
1448,USMAN CHAUDHRY,Clothing,47258.4,2024-03-24
1449,ZAINAB ARIF,Home & Kitchen,34320.78,2024-03-25
1450,ZAINAB ARIF,Home & Kitchen,25110.15,2024-03-26
1451,ZAINAB ARIF,Electronics,31083.44,2024-03-27
1452,ZAINAB ARIF,Home & Kitchen,43510.8,2024-03-28
1453,ZAINAB ARIF,Groceries,28745.18,2024-03-29
1454,BILAL YOUSUF,Electronics,2004.16,2024-03-30
1455,AHMED SIDDIQUI,Electronics,46581.96,2024-03-31
1456,ZAINAB ARIF,Clothing,34631.57,2024-04-01
1457,SANA FAROOQI,Home & Kitchen,33987.41,2024-04-02
1458,AHMED SIDDIQUI,Clothing,11175.92,2024-04-03
1459,AHMED SIDDIQUI,Groceries,33114.83,2024-04-04
1460,FATIMA KHAN,Electronics,19996.29,2024-04-05
1461,BILAL YOUSUF,Electronics,32736.03,2024-04-06
1462,ZAINAB ARIF,Electronics,5776.36,2024-04-07
1463,ALI RAZA,Groceries,33063.34,2024-04-08
1464,AYESHA MALIK,Groceries,49970.98,2024-04-09
1465,USMAN CHAUDHRY,Clothing,2886.5,2024-04-10
1466,SANA FAROOQI,Clothing,48870.12,2024-04-11
1467,ALI RAZA,Clothing,20641.94,2024-04-12
1468,BILAL YOUSUF,Home & Kitchen,43602.3,2024-04-13
1469,AYESHA MALIK,Electronics,39228.08,2024-04-14
1470,BILAL YOUSUF,Electronics,28567.3,2024-04-15
1471,SANA FAROOQI,Clothing,37053.24,2024-04-16
1472,AHMED SIDDIQUI,Electronics,43986.52,2024-04-17
1473,AYESHA MALIK,Clothing,20504.95,2024-04-18
1474,AHMED SIDDIQUI,Home & Kitchen,16688.14,2024-04-19
1475,SANA FAROOQI,Home & Kitchen,33545.87,2024-04-20
1476,ALI RAZA,Groceries,40488.37,2024-04-21
1477,SANA FAROOQI,Home & Kitchen,38233.11,2024-04-22
1478,ALI RAZA,Clothing,39991.78,2024-04-23
1479,AYESHA MALIK,Home & Kitchen,22061.37,2024-04-24
1480,AYESHA MALIK,Groceries,40982.79,2024-04-25
1481,ZAINAB ARIF,Electronics,6450.35,2024-04-26
1482,BILAL YOUSUF,Clothing,27452.21,2024-04-27
1483,ZAINAB ARIF,Electronics,785.05,2024-04-28
1484,BILAL YOUSUF,Groceries,16567.0,2024-04-29
1485,ZAINAB ARIF,,18639.85,2024-04-30
1486,AHMED SIDDIQUI,Groceries,20110.55,2024-05-01
1487,AYESHA MALIK,Electronics,34925.63,2024-05-02
1488,ALI RAZA,Electronics,19733.63,2024-05-03
1489,BILAL YOUSUF,Electronics,22710.33,2024-05-04
1490,SANA FAROOQI,Electronics,12258.43,2024-05-05
1491,BILAL YOUSUF,Groceries,18975.96,2024-05-06
1492,ALI RAZA,Groceries,11749.85,2024-05-07
1493,ZAINAB ARIF,Clothing,4123.2,2024-05-08
1494,BILAL YOUSUF,Clothing,30370.71,2024-05-09
1495,USMAN CHAUDHRY,Electronics,33576.53,2024-05-10
1496,AHMED SIDDIQUI,Home & Kitchen,31164.77,2024-05-11
1497,AYESHA MALIK,Home & Kitchen,23442.96,2024-05-12
1498,ALI RAZA,Groceries,19299.4,2024-05-13
1499,AYESHA MALIK,Groceries,43235.02,2024-05-14
1500,USMAN CHAUDHRY,Groceries,26194.55,2024-05-15
1501,BILAL YOUSUF,Clothing,24219.5,2024-05-16
1502,BILAL YOUSUF,Clothing,1769.28,2024-05-17
1503,SANA FAROOQI,Groceries,17391.77,2024-05-18
1504,USMAN CHAUDHRY,Groceries,19319.68,2024-05-19
1505,ALI RAZA,Groceries,20241.73,2024-05-20
1506,SANA FAROOQI,Home & Kitchen,29218.53,2024-05-21
1507,AHMED SIDDIQUI,Clothing,26913.33,2024-05-22
1508,SANA FAROOQI,Home & Kitchen,30591.3,2024-05-23
1509,FATIMA KHAN,Home & Kitchen,38361.72,2024-05-24
1510,ALI RAZA,Groceries,40742.79,2024-05-25
1511,FATIMA KHAN,Groceries,36047.09,2024-05-26
1512,USMAN CHAUDHRY,Electronics,47798.42,2024-05-27
1513,ZAINAB ARIF,Electronics,1402.51,2024-05-28
1514,FATIMA KHAN,Home & Kitchen,10191.01,2024-05-29
1515,AHMED SIDDIQUI,Clothing,874.36,2024-05-30
1516,SANA FAROOQI,Groceries,32550.0,2024-05-31
1517,ZAINAB ARIF,Groceries,44952.51,2024-06-01
1518,SANA FAROOQI,Home & Kitchen,12552.37,2024-06-02
1519,FATIMA KHAN,Electronics,46388.21,2024-06-03
1520,SANA FAROOQI,Clothing,3483.24,2024-06-04
1521,USMAN CHAUDHRY,Electronics,46754.58,2024-06-05
1522,ZAINAB ARIF,Electronics,17905.32,2024-06-06
1523,USMAN CHAUDHRY,Electronics,5520.33,2024-06-07
1524,FATIMA KHAN,Electronics,24550.65,2024-06-08
1525,USMAN CHAUDHRY,Groceries,13210.44,2024-06-09
1526,AHMED SIDDIQUI,Groceries,14601.21,2024-06-10
1527,FATIMA KHAN,Electronics,15710.85,2024-06-11
1528,FATIMA KHAN,Clothing,40249.78,2024-06-12
1529,FATIMA KHAN,Home & Kitchen,27188.48,2024-06-13
1530,ALI RAZA,Clothing,15909.73,2024-06-14
1531,SANA FAROOQI,Clothing,30711.52,2024-06-15
1532,ALI RAZA,Clothing,35949.46,2024-06-16
1533,ALI RAZA,Electronics,13994.89,2024-06-17
1534,AHMED SIDDIQUI,Groceries,20970.68,2024-06-18
1535,ZAINAB ARIF,Clothing,6533.36,2024-06-19
1536,SANA FAROOQI,Electronics,9466.89,2024-06-20
1537,USMAN CHAUDHRY,Clothing,34215.33,2024-06-21
1538,BILAL YOUSUF,Clothing,9481.2,2024-06-22
1539,FATIMA KHAN,Electronics,26495.59,2024-06-23
1540,USMAN CHAUDHRY,Groceries,35597.79,2024-06-24
1541,FATIMA KHAN,Groceries,5790.41,2024-06-25
1542,AHMED SIDDIQUI,Home & Kitchen,28581.95,2024-06-26
1543,FATIMA KHAN,Electronics,13199.86,2024-06-27
1544,ALI RAZA,Home & Kitchen,48164.88,2024-06-28
1545,SANA FAROOQI,Home & Kitchen,24435.51,2024-06-29
1546,BILAL YOUSUF,Home & Kitchen,40396.63,2024-06-30
1547,AYESHA MALIK,Groceries,27736.21,2024-07-01
1548,FATIMA KHAN,Electronics,2648.92,2024-07-02
1549,USMAN CHAUDHRY,Home & Kitchen,31840.99,2024-07-03
1550,ALI RAZA,Electronics,47594.47,2024-07-04
1551,AYESHA MALIK,Electronics,30279.79,2024-07-05
1552,BILAL YOUSUF,Groceries,41049.85,2024-07-06
1553,AYESHA MALIK,Home & Kitchen,44268.22,2024-07-07
1554,ALI RAZA,Home & Kitchen,11789.95,2024-07-08
1555,SANA FAROOQI,,10996.22,2024-07-09
1556,SANA FAROOQI,Clothing,30743.56,2024-07-10
1557,ZAINAB ARIF,Groceries,20845.91,2024-07-11
1558,SANA FAROOQI,Groceries,42073.13,2024-07-12
1559,ZAINAB ARIF,Groceries,45051.14,2024-07-13
1560,AYESHA MALIK,Groceries,17994.36,2024-07-14
1561,AHMED SIDDIQUI,Home & Kitchen,12225.09,2024-07-15
1562,USMAN CHAUDHRY,Home & Kitchen,39136.01,2024-07-16
1563,USMAN CHAUDHRY,Clothing,14102.9,2024-07-17
1564,AYESHA MALIK,Groceries,41219.41,2024-07-18
1565,FATIMA KHAN,Groceries,21475.04,2024-07-19
1566,FATIMA KHAN,Electronics,33543.72,2024-07-20
1567,SANA FAROOQI,Home & Kitchen,5229.0,2024-07-21
1568,USMAN CHAUDHRY,Groceries,31381.04,2024-07-22
1569,USMAN CHAUDHRY,Clothing,22862.5,2024-07-23
1570,ZAINAB ARIF,Clothing,29537.12,2024-07-24
1571,AHMED SIDDIQUI,Home & Kitchen,8816.7,2024-07-25
1572,ALI RAZA,Clothing,36975.25,2024-07-26
1573,FATIMA KHAN,Clothing,43208.46,2024-07-27
1574,USMAN CHAUDHRY,Home & Kitchen,11228.62,2024-07-28
1575,ZAINAB ARIF,Groceries,5237.87,2024-07-29
1576,BILAL YOUSUF,,1670.11,2024-07-30
1577,ZAINAB ARIF,Clothing,32277.59,2024-07-31
1578,FATIMA KHAN,Clothing,30551.15,2024-08-01
1579,FATIMA KHAN,Groceries,27561.52,2024-08-02
1580,ZAINAB ARIF,Home & Kitchen,11981.38,2024-08-03
1581,ALI RAZA,Clothing,19849.85,2024-08-04
1582,AYESHA MALIK,Electronics,29926.58,2024-08-05
1583,FATIMA KHAN,Home & Kitchen,25089.96,2024-08-06
1584,ZAINAB ARIF,Clothing,49395.38,2024-08-07
1585,USMAN CHAUDHRY,Clothing,7253.77,2024-08-08
1586,ZAINAB ARIF,Electronics,34909.66,2024-08-09
1587,AHMED SIDDIQUI,Electronics,20513.78,2024-08-10
1588,AYESHA MALIK,Groceries,21695.88,2024-08-11
1589,BILAL YOUSUF,Home & Kitchen,36021.09,2024-08-12
1590,ALI RAZA,Home & Kitchen,34775.59,2024-08-13
1591,SANA FAROOQI,Groceries,49567.17,2024-08-14
1592,BILAL YOUSUF,Home & Kitchen,6855.52,2024-08-15
1593,AYESHA MALIK,Home & Kitchen,5653.43,2024-08-16
1594,AYESHA MALIK,Home & Kitchen,36354.77,2024-08-17
1595,AYESHA MALIK,Home & Kitchen,29130.15,2024-08-18
1596,BILAL YOUSUF,Home & Kitchen,14070.95,2024-08-19
1597,USMAN CHAUDHRY,Electronics,4431.26,2024-08-20
1598,AYESHA MALIK,Home & Kitchen,4740.08,2024-08-21
1599,ZAINAB ARIF,Electronics,44762.45,2024-08-22
1600,BILAL YOUSUF,Home & Kitchen,9997.43,2024-08-23
1601,SANA FAROOQI,Groceries,16506.89,2024-08-24
1602,AYESHA MALIK,Clothing,11719.49,2024-08-25
1603,ZAINAB ARIF,Electronics,18072.32,2024-08-26
1604,USMAN CHAUDHRY,Home & Kitchen,3936.48,2024-08-27
1605,AHMED SIDDIQUI,Groceries,26193.46,2024-08-28
1606,USMAN CHAUDHRY,Clothing,3846.82,2024-08-29
1607,SANA FAROOQI,Electronics,40117.65,2024-08-30
1608,AYESHA MALIK,Clothing,12068.75,2024-08-31
1609,SANA FAROOQI,Groceries,27230.59,2024-09-01
1610,BILAL YOUSUF,Electronics,44063.91,2024-09-02
1611,FATIMA KHAN,Clothing,32718.43,2024-09-03
1612,AYESHA MALIK,Home & Kitchen,26881.41,2024-09-04
1613,FATIMA KHAN,Electronics,16554.52,2024-09-05
1614,ZAINAB ARIF,Clothing,16983.59,2024-09-06
1615,AHMED SIDDIQUI,Groceries,33639.6,2024-09-07
1616,ALI RAZA,Groceries,49709.9,2024-09-08
1617,SANA FAROOQI,Electronics,33261.04,2024-09-09
1618,USMAN CHAUDHRY,Clothing,28110.28,2024-09-10
1619,AHMED SIDDIQUI,Electronics,36667.2,2024-09-11
1620,AYESHA MALIK,Electronics,23527.68,2024-09-12
1621,FATIMA KHAN,Clothing,3477.05,2024-09-13
1622,USMAN CHAUDHRY,Clothing,28333.69,2024-09-14
1623,FATIMA KHAN,Home & Kitchen,47902.45,2024-09-15
1624,BILAL YOUSUF,Clothing,9177.5,2024-09-16
1625,FATIMA KHAN,Groceries,34655.24,2024-09-17
1626,BILAL YOUSUF,Electronics,10446.22,2024-09-18
1627,ZAINAB ARIF,Electronics,27023.47,2024-09-19
1628,USMAN CHAUDHRY,Groceries,5285.48,2024-09-20
1629,USMAN CHAUDHRY,Clothing,22793.36,2024-09-21
1630,ALI RAZA,Groceries,37930.08,2024-09-22
1631,AYESHA MALIK,Groceries,17704.79,2024-09-23
1632,BILAL YOUSUF,Home & Kitchen,33413.13,2024-09-24
1633,ALI RAZA,Groceries,39874.77,2024-09-25
1634,FATIMA KHAN,Electronics,46395.3,2024-09-26
1635,FATIMA KHAN,Groceries,12114.78,2024-09-27
1636,ALI RAZA,Electronics,20266.14,2024-09-28
1637,USMAN CHAUDHRY,Electronics,8044.59,2024-09-29
1638,FATIMA KHAN,Electronics,49627.93,2024-09-30
1639,SANA FAROOQI,Clothing,46386.55,2024-10-01
1640,ZAINAB ARIF,,27227.88,2024-10-02
1641,ZAINAB ARIF,Electronics,42180.65,2024-10-03
1642,SANA FAROOQI,Electronics,26287.42,2024-10-04
1643,ALI RAZA,Clothing,31367.49,2024-10-05
1644,SANA FAROOQI,Electronics,4911.66,2024-10-06
1645,BILAL YOUSUF,Groceries,37885.89,2024-10-07
1646,BILAL YOUSUF,Groceries,6821.82,2024-10-08
1647,ALI RAZA,,41390.35,2024-10-09
1648,SANA FAROOQI,Electronics,39210.39,2024-10-10
1649,BILAL YOUSUF,Clothing,35582.86,2024-10-11
1650,USMAN CHAUDHRY,Groceries,2289.94,2024-10-12
1651,SANA FAROOQI,Clothing,15504.85,2024-10-13
1652,USMAN CHAUDHRY,Clothing,13524.07,2024-10-14
1653,BILAL YOUSUF,Groceries,18326.75,2024-10-15
1654,ZAINAB ARIF,Clothing,4838.32,2024-10-16
1655,BILAL YOUSUF,Groceries,46879.41,2024-10-17
1656,USMAN CHAUDHRY,Clothing,27913.21,2024-10-18
1657,AHMED SIDDIQUI,Groceries,15623.45,2024-10-19
1658,AYESHA MALIK,Electronics,20150.59,2024-10-20
1659,FATIMA KHAN,Home & Kitchen,22636.53,2024-10-21
1660,SANA FAROOQI,Groceries,30229.42,2024-10-22
1661,AHMED SIDDIQUI,Groceries,26026.13,2024-10-23
1662,BILAL YOUSUF,Home & Kitchen,46009.9,2024-10-24
1663,ZAINAB ARIF,Groceries,25099.69,2024-10-25
1664,ALI RAZA,Groceries,49611.82,2024-10-26
1665,BILAL YOUSUF,Clothing,42645.54,2024-10-27
1666,ZAINAB ARIF,Home & Kitchen,10821.27,2024-10-28
1667,AYESHA MALIK,Electronics,46564.46,2024-10-29
1668,BILAL YOUSUF,Groceries,6260.14,2024-10-30
1669,USMAN CHAUDHRY,Home & Kitchen,40963.76,2024-10-31
1670,ALI RAZA,Clothing,19340.85,2024-11-01
1671,ZAINAB ARIF,Electronics,43959.73,2024-11-02
1672,ZAINAB ARIF,Home & Kitchen,43468.81,2024-11-03
1673,ZAINAB ARIF,Electronics,40393.31,2024-11-04
1674,AYESHA MALIK,Electronics,39606.51,2024-11-05
1675,BILAL YOUSUF,Electronics,15581.62,2024-11-06
1676,AYESHA MALIK,Groceries,4505.5,2024-11-07
1677,SANA FAROOQI,Groceries,20447.52,2024-11-08
1678,FATIMA KHAN,Clothing,9089.46,2024-11-09
1679,FATIMA KHAN,Clothing,34900.08,2024-11-10
1680,SANA FAROOQI,Home & Kitchen,17631.94,2024-11-11
1681,BILAL YOUSUF,,48792.7,2024-11-12
1682,USMAN CHAUDHRY,Electronics,32228.12,2024-11-13
1683,AYESHA MALIK,Electronics,41212.79,2024-11-14
1684,ALI RAZA,Groceries,7059.97,2024-11-15
1685,ZAINAB ARIF,Electronics,43169.72,2024-11-16
1686,ZAINAB ARIF,Home & Kitchen,46176.48,2024-11-17
1687,BILAL YOUSUF,Electronics,24609.56,2024-11-18
1688,USMAN CHAUDHRY,Electronics,30509.52,2024-11-19
1689,FATIMA KHAN,Home & Kitchen,38358.09,2024-11-20
1690,FATIMA KHAN,Clothing,9154.51,2024-11-21
1691,ZAINAB ARIF,Clothing,25377.02,2024-11-22
1692,BILAL YOUSUF,Home & Kitchen,20233.82,2024-11-23
1693,AYESHA MALIK,Groceries,7745.51,2024-11-24
1694,FATIMA KHAN,Electronics,18692.95,2024-11-25
1695,AYESHA MALIK,Home & Kitchen,3874.53,2024-11-26
1696,USMAN CHAUDHRY,Electronics,1777.69,2024-11-27
1697,FATIMA KHAN,Groceries,7190.73,2024-11-28
1698,FATIMA KHAN,Electronics,48174.2,2024-11-29
1699,AHMED SIDDIQUI,Home & Kitchen,27701.71,2024-11-30
1700,FATIMA KHAN,Electronics,48308.2,2024-12-01
1701,SANA FAROOQI,Clothing,21908.64,2024-12-02
1702,ALI RAZA,Groceries,15934.9,2024-12-03
1703,SANA FAROOQI,Groceries,25554.02,2024-12-04
1704,BILAL YOUSUF,Groceries,22255.83,2024-12-05
1705,BILAL YOUSUF,Home & Kitchen,5730.4,2024-12-06
1706,AYESHA MALIK,Groceries,32220.9,2024-12-07
1707,SANA FAROOQI,Clothing,11193.89,2024-12-08
1708,SANA FAROOQI,Home & Kitchen,31169.6,2024-12-09
1709,SANA FAROOQI,Clothing,32684.95,2024-12-10
1710,USMAN CHAUDHRY,Electronics,8025.23,2024-12-11
1711,FATIMA KHAN,Electronics,3536.81,2024-12-12
1712,ALI RAZA,Electronics,39147.7,2024-12-13
1713,AYESHA MALIK,Electronics,23260.12,2024-12-14
1714,SANA FAROOQI,Clothing,3379.11,2024-12-15
1715,SANA FAROOQI,Home & Kitchen,49745.88,2024-12-16
1716,AHMED SIDDIQUI,Home & Kitchen,3360.14,2024-12-17
1717,AYESHA MALIK,Groceries,34904.24,2024-12-18
1718,SANA FAROOQI,Clothing,49192.11,2024-12-19
1719,AYESHA MALIK,Electronics,12339.42,2024-12-20
1720,FATIMA KHAN,Clothing,7541.34,2024-12-21
1721,AHMED SIDDIQUI,Groceries,6508.55,2024-12-22
1722,AYESHA MALIK,Groceries,15512.12,2024-12-23
1723,ALI RAZA,Clothing,5501.77,2024-12-24
1724,ALI RAZA,Clothing,34761.99,2024-12-25
1725,BILAL YOUSUF,Clothing,3583.44,2024-12-26
1726,AHMED SIDDIQUI,Home & Kitchen,25716.4,2024-12-27
1727,AHMED SIDDIQUI,Electronics,49836.49,2024-12-28
1728,BILAL YOUSUF,Clothing,40791.53,2024-12-29
1729,AYESHA MALIK,Clothing,30953.36,2024-12-30
1730,AHMED SIDDIQUI,Clothing,15659.55,2024-12-31
1731,ALI RAZA,Groceries,31382.84,2025-01-01
1732,ALI RAZA,Groceries,26588.55,2025-01-02
1733,SANA FAROOQI,Home & Kitchen,21591.13,2025-01-03
1734,FATIMA KHAN,Electronics,6970.16,2025-01-04
1735,AHMED SIDDIQUI,Home & Kitchen,44386.91,2025-01-05
1736,AYESHA MALIK,Electronics,22764.34,2025-01-06
1737,BILAL YOUSUF,Groceries,10133.81,2025-01-07
1738,BILAL YOUSUF,Groceries,18704.09,2025-01-08
1739,AYESHA MALIK,Groceries,20999.42,2025-01-09
1740,USMAN CHAUDHRY,Home & Kitchen,41463.13,2025-01-10
1741,ZAINAB ARIF,Clothing,36813.91,2025-01-11
1742,FATIMA KHAN,,38580.59,2025-01-12
1743,BILAL YOUSUF,Groceries,1046.05,2025-01-13
1744,AHMED SIDDIQUI,Clothing,21099.62,2025-01-14
1745,FATIMA KHAN,Clothing,24326.54,2025-01-15
1746,AHMED SIDDIQUI,Home & Kitchen,1450.02,2025-01-16
1747,USMAN CHAUDHRY,Electronics,13360.75,2025-01-17
1748,ALI RAZA,Groceries,38134.35,2025-01-18
1749,FATIMA KHAN,Groceries,7286.93,2025-01-19
1750,SANA FAROOQI,Home & Kitchen,26997.85,2025-01-20
1751,BILAL YOUSUF,Home & Kitchen,11152.49,2025-01-21
1752,FATIMA KHAN,Clothing,1099.98,2025-01-22
1753,FATIMA KHAN,Groceries,12439.47,2025-01-23
1754,FATIMA KHAN,Electronics,48805.75,2025-01-24
1755,ZAINAB ARIF,Home & Kitchen,40176.09,2025-01-25
1756,FATIMA KHAN,Electronics,47999.04,2025-01-26
1757,AHMED SIDDIQUI,Electronics,24648.78,2025-01-27
1758,ALI RAZA,Groceries,5931.94,2025-01-28
1759,USMAN CHAUDHRY,Groceries,27623.99,2025-01-29
1760,AYESHA MALIK,Home & Kitchen,22991.68,2025-01-30
1761,FATIMA KHAN,Groceries,42295.68,2025-01-31
1762,BILAL YOUSUF,Groceries,5355.09,2025-02-01
1763,FATIMA KHAN,Groceries,24667.94,2025-02-02
1764,BILAL YOUSUF,,7927.41,2025-02-03
1765,AHMED SIDDIQUI,Home & Kitchen,16571.46,2025-02-04
1766,BILAL YOUSUF,Clothing,36999.18,2025-02-05
1767,SANA FAROOQI,Electronics,24062.9,2025-02-06
1768,AYESHA MALIK,Groceries,19106.47,2025-02-07
1769,ALI RAZA,Electronics,20026.58,2025-02-08
1770,BILAL YOUSUF,Groceries,23242.62,2025-02-09
1771,BILAL YOUSUF,Groceries,39358.32,2025-02-10
1772,ALI RAZA,,44658.19,2025-02-11
1773,AYESHA MALIK,Home & Kitchen,47789.07,2025-02-12
1774,FATIMA KHAN,Groceries,39451.72,2025-02-13
1775,BILAL YOUSUF,Home & Kitchen,16112.64,2025-02-14
1776,ALI RAZA,Clothing,34562.67,2025-02-15
1777,SANA FAROOQI,Groceries,22161.35,2025-02-16
1778,SANA FAROOQI,Home & Kitchen,13106.2,2025-02-17
1779,AHMED SIDDIQUI,,42123.14,2025-02-18
1780,ALI RAZA,Clothing,2402.1,2025-02-19
1781,AHMED SIDDIQUI,Home & Kitchen,45137.22,2025-02-20
1782,SANA FAROOQI,Home & Kitchen,23343.13,2025-02-21
1783,AYESHA MALIK,Clothing,32041.47,2025-02-22
1784,FATIMA KHAN,Groceries,33138.02,2025-02-23
1785,ALI RAZA,Home & Kitchen,44808.33,2025-02-24
1786,USMAN CHAUDHRY,Home & Kitchen,32015.15,2025-02-25
1787,SANA FAROOQI,Home & Kitchen,30889.71,2025-02-26
1788,SANA FAROOQI,Electronics,3799.28,2025-02-27
1789,USMAN CHAUDHRY,Clothing,26161.2,2025-02-28
1790,ZAINAB ARIF,Electronics,7933.37,2025-03-01
1791,SANA FAROOQI,Clothing,37002.97,2025-03-02
1792,BILAL YOUSUF,,25854.99,2025-03-03
1793,AYESHA MALIK,Groceries,34171.28,2025-03-04
1794,ALI RAZA,Home & Kitchen,2562.81,2025-03-05
1795,USMAN CHAUDHRY,Clothing,4697.2,2025-03-06
1796,BILAL YOUSUF,Groceries,35958.01,2025-03-07
1797,USMAN CHAUDHRY,Clothing,4068.17,2025-03-08
1798,ALI RAZA,Groceries,4027.21,2025-03-09
1799,AHMED SIDDIQUI,Electronics,1099.37,2025-03-10
1800,ALI RAZA,Groceries,47846.82,2025-03-11
1801,ZAINAB ARIF,Electronics,37006.66,2025-03-12
1802,ALI RAZA,Groceries,17985.94,2025-03-13
1803,ALI RAZA,Home & Kitchen,15178.51,2025-03-14
1804,ZAINAB ARIF,Electronics,17810.31,2025-03-15
1805,AYESHA MALIK,Groceries,38845.35,2025-03-16
1806,SANA FAROOQI,Home & Kitchen,33237.85,2025-03-17
1807,ALI RAZA,Electronics,9667.18,2025-03-18
1808,ZAINAB ARIF,Home & Kitchen,9118.41,2025-03-19
1809,BILAL YOUSUF,Clothing,5370.58,2025-03-20
1810,AHMED SIDDIQUI,Clothing,33184.98,2025-03-21
1811,AHMED SIDDIQUI,Electronics,38336.45,2025-03-22
1812,ALI RAZA,Groceries,13619.8,2025-03-23
1813,AYESHA MALIK,Electronics,1536.78,2025-03-24
1814,AYESHA MALIK,Home & Kitchen,4567.5,2025-03-25
1815,BILAL YOUSUF,Groceries,48409.07,2025-03-26
1816,ALI RAZA,Clothing,15124.52,2025-03-27
1817,AHMED SIDDIQUI,Groceries,38576.55,2025-03-28
1818,AYESHA MALIK,Clothing,31420.85,2025-03-29
1819,ALI RAZA,Groceries,19406.01,2025-03-30
1820,USMAN CHAUDHRY,Groceries,10681.52,2025-03-31
1821,AYESHA MALIK,Groceries,6508.63,2025-04-01
1822,ZAINAB ARIF,Home & Kitchen,30943.14,2025-04-02
1823,USMAN CHAUDHRY,Home & Kitchen,38844.37,2025-04-03
1824,SANA FAROOQI,Electronics,32373.26,2025-04-04
1825,AYESHA MALIK,Electronics,26749.96,2025-04-05
1826,AHMED SIDDIQUI,Clothing,2576.59,2025-04-06
1827,FATIMA KHAN,Home & Kitchen,48440.19,2025-04-07
1828,USMAN CHAUDHRY,Clothing,40036.35,2025-04-08
1829,SANA FAROOQI,Electronics,14994.69,2025-04-09
1830,BILAL YOUSUF,Clothing,49008.53,2025-04-10
1831,BILAL YOUSUF,Electronics,30293.14,2025-04-11
1832,AHMED SIDDIQUI,Home & Kitchen,29329.92,2025-04-12
1833,AYESHA MALIK,Groceries,37529.62,2025-04-13
1834,ALI RAZA,Home & Kitchen,40682.6,2025-04-14
1835,AYESHA MALIK,Clothing,32995.69,2025-04-15
1836,AHMED SIDDIQUI,Clothing,6840.74,2025-04-16
1837,BILAL YOUSUF,Home & Kitchen,17244.24,2025-04-17
1838,AYESHA MALIK,Home & Kitchen,46440.14,2025-04-18
1839,BILAL YOUSUF,Electronics,11618.47,2025-04-19
1840,USMAN CHAUDHRY,Clothing,18922.27,2025-04-20
1841,SANA FAROOQI,Clothing,21887.81,2025-04-21
1842,ALI RAZA,Home & Kitchen,22250.55,2025-04-22
1843,USMAN CHAUDHRY,Groceries,30840.51,2025-04-23
1844,BILAL YOUSUF,Clothing,47182.25,2025-04-24
1845,BILAL YOUSUF,Groceries,12414.29,2025-04-25
1846,FATIMA KHAN,Home & Kitchen,6514.32,2025-04-26
1847,FATIMA KHAN,Home & Kitchen,10274.79,2025-04-27
1848,USMAN CHAUDHRY,Electronics,44402.78,2025-04-28
1849,ZAINAB ARIF,Clothing,32467.64,2025-04-29
1850,USMAN CHAUDHRY,Groceries,14652.39,2025-04-30
1851,FATIMA KHAN,Electronics,40889.37,2025-05-01
1852,BILAL YOUSUF,Clothing,43137.81,2025-05-02
1853,AHMED SIDDIQUI,Electronics,42402.46,2025-05-03
1854,USMAN CHAUDHRY,Home & Kitchen,45986.86,2025-05-04
1855,BILAL YOUSUF,Clothing,12985.93,2025-05-05
1856,AHMED SIDDIQUI,Electronics,37874.58,2025-05-06
1857,AHMED SIDDIQUI,Electronics,23296.71,2025-05-07
1858,FATIMA KHAN,Groceries,42178.93,2025-05-08
1859,USMAN CHAUDHRY,Electronics,36560.29,2025-05-09
1860,AYESHA MALIK,Clothing,38934.15,2025-05-10
1861,ALI RAZA,Clothing,32980.01,2025-05-11
1862,FATIMA KHAN,Groceries,9282.72,2025-05-12
1863,FATIMA KHAN,Clothing,27478.83,2025-05-13
1864,AYESHA MALIK,Home & Kitchen,49241.15,2025-05-14
1865,ALI RAZA,Clothing,46900.71,2025-05-15
1866,BILAL YOUSUF,Clothing,2637.1,2025-05-16
1867,ZAINAB ARIF,Electronics,8658.33,2025-05-17
1868,USMAN CHAUDHRY,Electronics,7020.57,2025-05-18
1869,ZAINAB ARIF,Clothing,36436.01,2025-05-19
1870,BILAL YOUSUF,Groceries,40980.37,2025-05-20
1871,SANA FAROOQI,Electronics,11068.81,2025-05-21
1872,FATIMA KHAN,Groceries,25539.71,2025-05-22
1873,ALI RAZA,Clothing,42114.8,2025-05-23
1874,FATIMA KHAN,,36773.68,2025-05-24
1875,AHMED SIDDIQUI,Home & Kitchen,27340.74,2025-05-25
1876,FATIMA KHAN,Electronics,29722.21,2025-05-26
1877,FATIMA KHAN,Clothing,25663.85,2025-05-27
1878,BILAL YOUSUF,,15228.65,2025-05-28
1879,BILAL YOUSUF,Electronics,28468.59,2025-05-29
1880,BILAL YOUSUF,Clothing,34599.82,2025-05-30
1881,ZAINAB ARIF,Clothing,43729.48,2025-05-31
1882,AHMED SIDDIQUI,Electronics,31996.42,2025-06-01
1883,SANA FAROOQI,Electronics,38175.52,2025-06-02
1884,SANA FAROOQI,Electronics,8423.55,2025-06-03
1885,BILAL YOUSUF,Clothing,23347.09,2025-06-04
1886,ALI RAZA,Clothing,961.92,2025-06-05
1887,ZAINAB ARIF,Home & Kitchen,12710.6,2025-06-06
1888,AYESHA MALIK,Groceries,36459.85,2025-06-07
1889,ALI RAZA,Electronics,49594.59,2025-06-08
1890,USMAN CHAUDHRY,Clothing,5409.32,2025-06-09
1891,USMAN CHAUDHRY,Clothing,20373.97,2025-06-10
1892,ALI RAZA,Electronics,40103.51,2025-06-11
1893,BILAL YOUSUF,Groceries,10599.76,2025-06-12
1894,AYESHA MALIK,Electronics,27976.7,2025-06-13
1895,AYESHA MALIK,Groceries,36787.03,2025-06-14
1896,ZAINAB ARIF,Clothing,30991.28,2025-06-15
1897,AYESHA MALIK,Groceries,9807.22,2025-06-16
1898,USMAN CHAUDHRY,Home & Kitchen,18091.54,2025-06-17
1899,AHMED SIDDIQUI,Clothing,39297.69,2025-06-18
1900,BILAL YOUSUF,Home & Kitchen,27934.21,2025-06-19
1901,AYESHA MALIK,Electronics,758.87,2025-06-20
1902,ZAINAB ARIF,Electronics,38169.04,2025-06-21
1903,USMAN CHAUDHRY,Electronics,2247.91,2025-06-22
1904,AHMED SIDDIQUI,Groceries,37413.82,2025-06-23
1905,FATIMA KHAN,Clothing,10522.79,2025-06-24
1906,FATIMA KHAN,Electronics,47924.64,2025-06-25
1907,AHMED SIDDIQUI,Electronics,18713.07,2025-06-26
1908,USMAN CHAUDHRY,Clothing,16683.12,2025-06-27
1909,ZAINAB ARIF,Electronics,7869.96,2025-06-28
1910,AHMED SIDDIQUI,Home & Kitchen,15627.41,2025-06-29
1911,BILAL YOUSUF,Clothing,43894.21,2025-06-30
1912,BILAL YOUSUF,Clothing,49818.55,2025-07-01
1913,FATIMA KHAN,Clothing,18731.32,2025-07-02
1914,AYESHA MALIK,Home & Kitchen,22706.23,2025-07-03
1915,ZAINAB ARIF,Clothing,36242.51,2025-07-04
1916,FATIMA KHAN,Home & Kitchen,44366.69,2025-07-05
1917,AYESHA MALIK,Clothing,29855.69,2025-07-06
1918,AYESHA MALIK,Groceries,19880.52,2025-07-07
1919,SANA FAROOQI,Electronics,20924.78,2025-07-08
1920,BILAL YOUSUF,Groceries,34933.1,2025-07-09
1921,USMAN CHAUDHRY,Electronics,659.3,2025-07-10
1922,ALI RAZA,Home & Kitchen,31169.67,2025-07-11
1923,USMAN CHAUDHRY,Groceries,18096.9,2025-07-12
1924,ALI RAZA,Clothing,39812.77,2025-07-13
1925,AHMED SIDDIQUI,Electronics,5103.04,2025-07-14
1926,BILAL YOUSUF,Electronics,29616.01,2025-07-15
1927,AYESHA MALIK,Groceries,24308.16,2025-07-16
1928,ZAINAB ARIF,Home & Kitchen,32295.11,2025-07-17
1929,ALI RAZA,Groceries,3710.25,2025-07-18
1930,USMAN CHAUDHRY,Home & Kitchen,29209.2,2025-07-19
1931,AYESHA MALIK,Home & Kitchen,28293.49,2025-07-20
1932,ALI RAZA,Electronics,28252.67,2025-07-21
1933,ALI RAZA,Groceries,30372.64,2025-07-22
1934,SANA FAROOQI,Groceries,33985.16,2025-07-23
1935,ALI RAZA,Home & Kitchen,40346.96,2025-07-24
1936,ZAINAB ARIF,Groceries,13856.13,2025-07-25
1937,BILAL YOUSUF,Clothing,41339.95,2025-07-26
1938,ZAINAB ARIF,Clothing,25163.66,2025-07-27
1939,FATIMA KHAN,Groceries,4314.38,2025-07-28
1940,AYESHA MALIK,Groceries,3398.27,2025-07-29
1941,BILAL YOUSUF,Home & Kitchen,17044.8,2025-07-30
1942,SANA FAROOQI,Clothing,39352.4,2025-07-31
1943,BILAL YOUSUF,Clothing,35530.21,2025-08-01
1944,BILAL YOUSUF,Electronics,39536.44,2025-08-02
1945,USMAN CHAUDHRY,Home & Kitchen,26104.82,2025-08-03
1946,BILAL YOUSUF,Electronics,22289.85,2025-08-04
1947,SANA FAROOQI,Clothing,7798.9,2025-08-05
1948,ZAINAB ARIF,Home & Kitchen,16745.54,2025-08-06
1949,BILAL YOUSUF,Groceries,21983.96,2025-08-07
1950,AHMED SIDDIQUI,Home & Kitchen,4885.72,2025-08-08
1951,AYESHA MALIK,Groceries,11420.29,2025-08-09
1952,BILAL YOUSUF,Groceries,30112.15,2025-08-10
1953,AYESHA MALIK,Home & Kitchen,36915.32,2025-08-11
1954,AHMED SIDDIQUI,Groceries,49918.2,2025-08-12
1955,AHMED SIDDIQUI,Electronics,46689.11,2025-08-13
1956,AYESHA MALIK,Clothing,32306.98,2025-08-14
1957,ALI RAZA,Groceries,21351.78,2025-08-15
1958,FATIMA KHAN,Electronics,31990.78,2025-08-16
1959,USMAN CHAUDHRY,,39389.76,2025-08-17
1960,ALI RAZA,Clothing,6357.64,2025-08-18
1961,ALI RAZA,Electronics,20790.29,2025-08-19
1962,ZAINAB ARIF,Clothing,42070.21,2025-08-20
1963,USMAN CHAUDHRY,Clothing,19499.73,2025-08-21
1964,USMAN CHAUDHRY,Electronics,28807.68,2025-08-22
1965,ALI RAZA,Electronics,29594.58,2025-08-23
1966,BILAL YOUSUF,Electronics,9631.57,2025-08-24
1967,ZAINAB ARIF,Home & Kitchen,18430.65,2025-08-25
1968,ZAINAB ARIF,Electronics,17058.31,2025-08-26
1969,AHMED SIDDIQUI,Electronics,1796.74,2025-08-27
1970,SANA FAROOQI,Electronics,1697.49,2025-08-28
1971,USMAN CHAUDHRY,Electronics,41669.0,2025-08-29
1972,ALI RAZA,Groceries,14017.01,2025-08-30
1973,AHMED SIDDIQUI,Home & Kitchen,26144.9,2025-08-31
1974,AYESHA MALIK,Clothing,15286.92,2025-09-01
1975,FATIMA KHAN,Electronics,47063.62,2025-09-02
1976,SANA FAROOQI,Groceries,13335.19,2025-09-03
1977,SANA FAROOQI,Groceries,21768.01,2025-09-04
1978,SANA FAROOQI,Groceries,43700.15,2025-09-05
1979,ZAINAB ARIF,Clothing,42175.71,2025-09-06
1980,AYESHA MALIK,Electronics,9712.02,2025-09-07
1981,SANA FAROOQI,Home & Kitchen,40230.84,2025-09-08
1982,AYESHA MALIK,Home & Kitchen,23180.25,2025-09-09
1983,BILAL YOUSUF,Groceries,24406.96,2025-09-10
1984,SANA FAROOQI,Clothing,7107.26,2025-09-11
1985,FATIMA KHAN,Clothing,4489.77,2025-09-12
1986,AYESHA MALIK,Clothing,36533.0,2025-09-13
1987,AYESHA MALIK,Home & Kitchen,25074.83,2025-09-14
1988,FATIMA KHAN,Groceries,22124.11,2025-09-15
1989,SANA FAROOQI,Electronics,36610.66,2025-09-16
1990,FATIMA KHAN,Home & Kitchen,38392.89,2025-09-17
1991,AYESHA MALIK,,8365.95,2025-09-18
1992,FATIMA KHAN,Groceries,30706.14,2025-09-19
1993,AYESHA MALIK,Electronics,7200.03,2025-09-20
1994,AYESHA MALIK,Electronics,37693.07,2025-09-21
1995,BILAL YOUSUF,Electronics,33019.28,2025-09-22
1996,ALI RAZA,Clothing,47852.42,2025-09-23
1997,AYESHA MALIK,Electronics,3913.42,2025-09-24
1998,SANA FAROOQI,Groceries,3324.21,2025-09-25
1999,AHMED SIDDIQUI,Electronics,14468.26,2025-09-26
1717,AYESHA MALIK,Groceries,34904.24,2024-12-18
1105,FATIMA KHAN,Home & Kitchen,9107.81,2023-04-16
1690,FATIMA KHAN,Clothing,9154.51,2024-11-21
1683,AYESHA MALIK,Electronics,41212.79,2024-11-14
1521,USMAN CHAUDHRY,Electronics,46754.58,2024-06-05
1890,USMAN CHAUDHRY,Clothing,5409.32,2025-06-09
1230,ZAINAB ARIF,Groceries,44757.91,2023-08-19
1990,FATIMA KHAN,Home & Kitchen,38392.89,2025-09-17
1605,AHMED SIDDIQUI,Groceries,26193.46,2024-08-28
1330,ALI RAZA,Clothing,27990.5,2023-11-27
1922,ALI RAZA,Home & Kitchen,31169.67,2025-07-11
1859,USMAN CHAUDHRY,,36560.29,2025-05-09
1255,AHMED SIDDIQUI,Clothing,21800.14,2023-09-13
1165,ALI RAZA,Clothing,40989.37,2023-06-15
1756,FATIMA KHAN,Electronics,47999.04,2025-01-26
1908,USMAN CHAUDHRY,Clothing,16683.12,2025-06-27
1354,SANA FAROOQI,Clothing,24590.11,2023-12-21
1499,AYESHA MALIK,Groceries,43235.02,2024-05-14
1912,BILAL YOUSUF,Clothing,49818.55,2025-07-01
1486,AHMED SIDDIQUI,Groceries,20110.55,2024-05-01
1199,AHMED SIDDIQUI,Electronics,6939.27,2023-07-19
1701,SANA FAROOQI,Clothing,21908.64,2024-12-02
1079,AYESHA MALIK,Electronics,47523.08,2023-03-21
1931,AYESHA MALIK,Home & Kitchen,28293.49,2025-07-20
1243,ALI RAZA,Groceries,42316.77,2023-09-01
1784,FATIMA KHAN,Groceries,33138.02,2025-02-23
1321,BILAL YOUSUF,Groceries,8397.46,2023-11-18
1810,AHMED SIDDIQUI,Clothing,33184.98,2025-03-21
1470,BILAL YOUSUF,Electronics,28567.3,2024-04-15
1302,AHMED SIDDIQUI,Groceries,3072.58,2023-10-30
1474,AHMED SIDDIQUI,Home & Kitchen,16688.14,2024-04-19
1014,SANA FAROOQI,Electronics,35425.97,2023-01-15
1880,BILAL YOUSUF,Clothing,34599.82,2025-05-30
1854,USMAN CHAUDHRY,Home & Kitchen,45986.86,2025-05-04
1196,FATIMA KHAN,Clothing,48687.7,2023-07-16
1510,ALI RAZA,Groceries,40742.79,2024-05-25
1344,AHMED SIDDIQUI,Groceries,37263.97,2023-12-11
1538,BILAL YOUSUF,Clothing,9481.2,2024-06-22
1958,FATIMA KHAN,Electronics,31990.78,2025-08-16
1846,FATIMA KHAN,Home & Kitchen,6514.32,2025-04-26
1325,ZAINAB ARIF,Electronics,17176.34,2023-11-22
1150,AHMED SIDDIQUI,Electronics,35563.97,2023-05-31
1457,SANA FAROOQI,Home & Kitchen,33987.41,2024-04-02
1832,AHMED SIDDIQUI,Home & Kitchen,29329.92,2025-04-12
1228,ALI RAZA,Clothing,49206.89,2023-08-17
1906,FATIMA KHAN,Electronics,47924.64,2025-06-25
1681,BILAL YOUSUF,Clothing,48792.7,2024-11-12
1556,SANA FAROOQI,Clothing,30743.56,2024-07-10
1149,SANA FAROOQI,Electronics,43431.06,2023-05-30
1641,ZAINAB ARIF,Electronics,42180.65,2024-10-03
